steps,time,reward,delta,converged
1,0.0012600000000020373,255.0,125.25,False
2,0.0011999999999972033,255.0,0,True
