steps,time,reward,delta,converged
1,0.00527100000000047,56.22352231660824,151.81029915929025,False
2,0.006997000000005471,950.2968185625505,47.34374850988388,False
3,0.006937999999998112,1061.1600640430115,1.5781220188364387,False
4,0.006976999999999123,1063.3299739835784,0.7890595179051161,False
5,0.006850000000000023,1064.414922973141,0.39452826604247093,False
6,0.0070570000000032,1064.9573914669454,0.19726263731718063,False
7,0.006914000000001863,1065.2286197021604,0.09862981736660004,False
8,0.006890999999995984,1065.2779331207275,2.9802322387695312e-06,True
