steps,time,reward,delta,converged
1,0.013037000000004184,-892.8938985604816,183.51994743410978,False
2,0.019556999999998936,5489.885634672599,190.8172746080107,False
3,0.019311000000001854,7057.983873442177,84.72491372962546,False
4,0.019384999999999764,7291.146802069391,67.77992554201845,False
5,0.019383999999995183,7477.677123126632,54.223934979509714,False
6,0.019230999999997778,7626.901358126159,43.379142513973804,False
7,0.019097999999999615,7661.604666745348,6.739986702086753e-06,True
