steps,time,reward,delta,converged
1,0.0020879999999999788,0.6666666666666666,0.08333333333333331,False
2,0.001971000000000056,0.6666666666666666,0,True
