steps,time,reward,delta,converged
1,0.005228999999999928,0.9203627551837815,0.09730355937067448,False
2,0.006026000000000309,1.0745706637603762,2.501451756517003e-06,False
3,0.006012000000000128,1.0745712273113945,2.502360382347761e-06,False
4,0.005976999999999677,1.0745712300932782,2.502360382347761e-06,True
