steps,time,reward,delta,converged
1,0.023813999999998003,0.7656509747049592,0.08818706536446613,False
2,0.023544999999998595,0.8068245824111153,8.979444190418127e-07,True
