steps,time,reward,delta,converged
1,0.012692999999998733,0.6666666666666666,0.08333333333333331,False
2,0.01242100000000157,0.6666666666666666,0,True
