steps,time,reward,delta,converged
1,0.0004289999999969041,255.0,100.0,False
2,0.00040300000000570435,255.0,0,True
