steps,time,reward,delta,converged
1,0.0007149999999995771,0.6666666666666666,0.3333333333333333,False
2,0.0007000000000019213,0.6666666666666666,0,True
