steps,time,reward,delta,converged
1,0.004232999999999265,0.6666666666666666,0.3333333333333333,False
2,0.0042669999999986885,0.6666666666666666,0,True
